{
  "project_info": {
    "project_number": "1095168112553",
    "firebase_url": "https://social-login-8211f.firebaseio.com",
    "project_id": "social-login-8211f",
    "storage_bucket": "social-login-8211f.appspot.com"
  },
  "client": [
    {
      "client_info": {
        "mobilesdk_app_id": "1:1095168112553:android:c66f5f58b29d164b8d76b8",
        "android_client_info": {
          "package_name": "com.infodart.sociallogin"
        }
      },
      "oauth_client": [
        {
          "client_id": "1095168112553-bvgebl5t441o1a5ke12gdsbkioid6jpc.apps.googleusercontent.com",
          "client_type": 3
        }
      ],
      "api_key": [
        {
          "current_key": "AIzaSyB2nl5wXp2Y5gWxAfCKASSpg9Tdf8wg-6g"
        }
      ],
      "services": {
        "appinvite_service": {
          "other_platform_oauth_client": [
            {
              "client_id": "1095168112553-bvgebl5t441o1a5ke12gdsbkioid6jpc.apps.googleusercontent.com",
              "client_type": 3
            }
          ]
        }
      }
    }
  ],
  "configuration_version": "1"
}